rank,path,camera,boot,uptime_s,camera_clock,mdv5a_animal,mdv6_redwood_animal,box_area_fraction,mdv5a_person,species,sureness,note
1,wildlifecam9/2026-09-26/022026_309.jpg,wildlifecam9,1c7e1a69,53193.4,2026-09-26T02:20:26.309818,0.937,0.932,0.0108,0.105,"Black-tailed deer, mid-leap",fairly sure it is a deer; black-tailed (mule) deer is the only deer here,"A doe bounding across the oak meadow in full sun. The next frame, 022027_331, shows it leaving."
2,wildlifecam9/2026-09-26/031717_093.jpg,wildlifecam9,1c7e1a69,56604.2,2026-09-26T03:17:17.093474,0.867,0.909,0.0049,0,California scrub-jay in flight,"fairly sure: blue wings and tail, grey-white underneath",Wings and tail fully spread against the dark oak canopy.
3,wildlifecam13/2026-09-26/090500_809.jpg,wildlifecam13,dbb24e1c,59566.5,2026-09-26T09:05:00.809898,0.897,0.915,0.0053,0,Cottontail rabbit,"sure it is a rabbit; desert cottontail or brush rabbit, unsure which","Sharp, whole, in morning sun on the trail edge, ears up."
4,wildlifecam13/2026-09-25/092533_530.jpg,wildlifecam13,a775917d,50030.8,2026-09-25T09:25:33.530489,0.906,0.886,0.0083,0,Northern flicker (red-shafted) taking off,"fairly sure: salmon-red under the wings, spotted breast, barred back","The bird was on the ground in 092522_747, eleven seconds earlier, then leapt."
5,wildlifecam10/2026-09-24/051312.jpg,wildlifecam10,971c0559,53326.8,2026-09-24T05:13:12.921923,0.903,0.915,0.0175,0,Northern flicker in flight,fairly sure: same red under-wing and spotted breast; the handoff's guess was a mockingbird,Fourteen frames of this bird hopping about (051308 to 051328); this one has the wings open.
6,wildlifecam9/2026-09-26/015650_233.jpg,wildlifecam9,1c7e1a69,51777.4,2026-09-26T01:56:50.233934,0.838,0.892,0.0048,0,Northern flicker on the ground,fairly sure; 015658_046 shows the red malar stripe of a male,"Profile in the grass under the oaks, whole bird, sharp."
7,wildlifecam14/2026-09-24/185204_357.jpg,wildlifecam14,6c06d3fd,48.1,2026-09-24T18:52:04.357415,0.793,0.904,0.0035,0,Black-tailed deer at dusk,fairly sure it is a deer; very dark frame,Head down on the chaparral trail at last light; six frames over about five seconds.
8,wildlifecam15/2026-09-25/020748_129.jpg,wildlifecam15,3af98c60,49615.4,2026-09-25T02:07:48.129900,0.803,0.889,0.0017,0,Common raven or American crow overhead,sure it is a corvid; the wedge-shaped tail in 021302_710 leans raven,Silhouette over the campground field. Two more passed at 020921 and 021302; in 021302_710 the fingered wingtips and wedge tail show clearly.
9,wildlifecam14/2026-09-25/111906_457.jpg,wildlifecam14,9c81a2ac,59266.3,2026-09-25T11:19:06.457254,0.912,0.927,0.0102,0,"Bird in flight, probably a northern mockingbird",unsure: white wing flashes suggest mockingbird,Wings spread low over the chaparral.
10,wildlifecam14/2026-09-25/153048_977.jpg,wildlifecam14,9c81a2ac,74368.8,2026-09-25T15:30:48.977409,0.659,0.853,0.0016,0,"Bird in flight, probably a northern mockingbird",unsure: same white wing pattern,Flying through the green bush at the trail edge.
11,wildlifecam13/2026-09-25/104147_409.jpg,wildlifecam13,a775917d,54604.7,2026-09-25T10:41:47.409223,0.731,0.762,0.0022,0,"California towhee, probably","unsure: plain brown, long tail",In profile on the trail; 104144_925 is the same bird three seconds earlier.
12,wildlifecam13/2026-09-25/084050_930.jpg,wildlifecam13,a775917d,47348.2,2026-09-25T08:40:50.930809,0.847,0.853,0.0120,0,California towhee or thrasher,unsure,Long-tailed brown bird on the bare trail.
13,wildlifecam13/2026-09-25/112551_954.jpg,wildlifecam13,a775917d,57249.2,2026-09-25T11:25:51.954840,0.886,0.860,0.0020,0,Bird flying low over the grass,unsure which,"Wings up, mid-hop."
14,wildlifecam13/2026-09-26/090739_454.jpg,wildlifecam13,dbb24e1c,59725.1,2026-09-26T09:07:39.454463,0.759,0.851,0.0048,0,Bird landing with wings out,unsure which (dove-like),Two minutes after the rabbit on the same trail.
15,wildlifecam13/2026-09-25/093443_073.jpg,wildlifecam13,a775917d,50580.4,2026-09-25T09:34:43.073881,0.822,0.759,0.0012,0,Dark bird on the ground,unsure: crow or a towhee in shadow,"Tail up, walking through the grass."
16,wildlifecam13/2026-09-25/152217_321.jpg,wildlifecam13,a775917d,71434.6,2026-09-25T15:22:17.321653,0.574,0.845,0.0021,0,"Bird in the tree, tail fanned",unsure which,Dark against the sky in the branches.
17,wildlifecam13/2026-09-25/152610_273.jpg,wildlifecam13,a775917d,71667.6,2026-09-25T15:26:10.273936,0.807,0.833,0.0021,0,Bird flying low over the trail,unsure which,"Brownish, blurred by motion."
18,wildlifecam13/2026-09-25/153053_526.jpg,wildlifecam13,a775917d,71950.8,2026-09-25T15:30:53.526265,0.656,0.686,0.0186,0,Crow or raven taking off,unsure; cut off at the frame edge,Only a wing and tail made it into the picture.
19,wildlifecam14/2026-09-25/114853_507.jpg,wildlifecam14,9c81a2ac,61053.3,2026-09-25T11:48:53.507023,0.847,0.868,0.0053,0,Bird landing on the ground,unsure which,"Brown bird, wings half open."
20,wildlifecam14/2026-09-25/172841_265.jpg,wildlifecam14,bc020b74,1875.6,2026-09-25T17:28:41.265493,0.815,0.832,0.0032,0,Small brown bird in the grass,unsure; could be a leaf,The detector was sure (0.81); I am not.
21,wildlifecam13/2026-09-25/092903_059.jpg,wildlifecam13,a775917d,50240.4,2026-09-25T09:29:03.059754,0.300,0.290,0.0011,0,"Bird taking off, probably the flicker again",unsure,"Four minutes after the flicker's leap, same spot."
22,wildlifecam13/2026-09-26/054341_622.jpg,wildlifecam13,dbb24e1c,47487.3,2026-09-26T05:43:41.622140,0.821,0.848,0.0040,0,"Ground bird at first light, cut off by the frame edge","sure it is a bird, not the rabbit first written here; dark, upright, tail cocked, so probably a California quail or a spotted towhee, unsure which","Only the top half made it into the picture. MDv5a's box (0.82) sits on the dirt above the bird, not on it. Kept as the record of a visit, not as a photograph."
