rank,score,camera,captured_at,path,confidence,area_fraction,clipped,sharpness,visit_frames,visit_start,visit_end
1,0.968,wildlifecam4,2026-08-24T10:34:03.035342,wildlifecam4/2026-08-24/103403.jpg,0.968,0.1960,0,622.7,74,2026-08-24T10:33:07.479319,2026-08-24T10:35:43.672455
2,0.907,wildlifecam4,2026-08-24T10:39:25.424385,wildlifecam4/2026-08-24/103925.jpg,0.966,0.1419,0,567.7,58,2026-08-24T10:38:12.720626,2026-08-24T10:41:10.276641
3,0.865,wildlifecam4,2026-08-26T14:25:14.363752,wildlifecam4/2026-08-26/142514.jpg,0.953,0.0340,0,807.1,3,2026-08-26T14:25:05.547024,2026-08-26T14:25:14.363752
4,0.843,wildlifecam11,2026-09-17T08:29:53.627240,wildlifecam11/2026-09-17/082953.jpg,0.956,0.0302,0,725.3,7,2026-09-17T08:29:45.444670,2026-09-17T08:29:57.734721
5,0.814,wildlifecam4,2026-08-24T09:47:43.814434,wildlifecam4/2026-08-24/094743.jpg,0.965,0.0823,0,510.1,42,2026-08-24T09:46:54.565724,2026-08-24T09:48:26.577005
6,0.805,wildlifecam4,2026-08-24T10:44:20.052457,wildlifecam4/2026-08-24/104420.jpg,0.975,0.1379,0,499.5,5,2026-08-24T10:44:13.643407,2026-08-24T10:44:22.199533
7,0.722,wildlifecam10,2026-09-17T12:55:15.871582,wildlifecam10/2026-09-17/125515.jpg,0.911,0.0197,0,743.7,11,2026-09-17T12:54:49.878268,2026-09-17T12:55:24.593952
8,0.711,wildlifecam10,2026-09-15T11:16:09.648088,wildlifecam10/2026-09-15/111609.jpg,0.907,0.0189,0,776.0,12,2026-09-15T11:16:03.543784,2026-09-15T11:16:27.487391
9,0.627,wildlifecam10,2026-09-15T10:23:47.494805,wildlifecam10/2026-09-15/102347.jpg,0.921,0.0107,0,677.4,3,2026-09-15T10:23:47.494805,2026-09-15T10:23:57.354954
10,0.617,wildlifecam4,2026-08-31T07:09:04.662830,wildlifecam4/2026-08-31/070904.jpg,0.944,0.0117,0,568.6,12,2026-08-31T07:07:57.898863,2026-08-31T07:09:06.785669
11,0.612,wildlifecam4,2026-08-26T14:20:38.947503,wildlifecam4/2026-08-26/142038.jpg,0.934,0.0097,0,596.8,2,2026-08-26T14:20:36.798255,2026-08-26T14:20:38.947503
12,0.606,wildlifecam11,2026-09-17T18:27:08.250439,wildlifecam11/2026-09-17/182708.jpg,0.856,0.0125,0,746.8,5,2026-09-17T18:27:02.143346,2026-09-17T18:27:10.318729
13,0.584,wildlifecam4,2026-08-26T07:01:30.770953,wildlifecam4/2026-08-26/070130.jpg,0.940,0.0074,0,691.6,25,2026-08-26T07:01:24.348045,2026-08-26T07:02:17.439712
14,0.583,wildlifecam4,2026-09-08T06:54:50.318492,wildlifecam4/2026-09-08/065450.jpg,0.956,0.0069,0,632.8,27,2026-09-08T06:54:41.767787,2026-09-08T06:56:54.298720
15,0.580,wildlifecam4,2026-09-11T18:00:06.760680,wildlifecam4/2026-09-11/180006.jpg,0.950,0.0070,0,645.8,10,2026-09-11T17:59:58.147989,2026-09-11T18:00:17.492127
16,0.579,wildlifecam10,2026-09-05T06:58:29.011956,wildlifecam10/2026-09-05/065829.jpg,0.944,0.0071,0,688.4,6,2026-09-05T06:58:27.007538,2026-09-05T06:58:37.127639
17,0.579,wildlifecam4,2026-09-17T07:07:08.663707,wildlifecam4/2026-09-17/070708.jpg,0.932,0.0074,0,614.4,25,2026-09-17T07:05:32.578296,2026-09-17T07:07:23.660052
18,0.570,wildlifecam4,2026-09-16T07:12:48.958424,wildlifecam4/2026-09-16/071248.jpg,0.929,0.0071,0,620.1,16,2026-09-16T07:12:27.473439,2026-09-16T07:12:59.729945
19,0.568,wildlifecam4,2026-09-10T07:21:17.751925,wildlifecam4/2026-09-10/072117.jpg,0.943,0.0084,0,569.2,7,2026-09-10T07:20:53.233749,2026-09-10T07:21:22.034616
20,0.564,wildlifecam10,2026-09-07T07:01:55.147641,wildlifecam10/2026-09-07/070155.jpg,0.958,0.0060,0,704.7,18,2026-09-07T07:01:53.111456,2026-09-07T07:03:30.726401
21,0.561,wildlifecam10,2026-09-08T06:57:00.158408,wildlifecam10/2026-09-08/065700.jpg,0.960,0.0058,0,683.8,12,2026-09-08T06:56:19.555571,2026-09-08T06:57:04.194211
22,0.557,wildlifecam4,2026-09-04T12:16:56.818287,wildlifecam4/2026-09-04/121656.jpg,0.931,0.0064,0,670.0,10,2026-09-04T12:16:43.891619,2026-09-04T12:17:05.452259
23,0.555,wildlifecam4,2026-09-11T09:30:46.345043,wildlifecam4/2026-09-11/093046.jpg,0.948,0.0059,0,952.8,47,2026-09-11T09:29:52.584363,2026-09-11T09:31:42.084110
24,0.553,wildlifecam4,2026-09-07T07:01:47.295496,wildlifecam4/2026-09-07/070147.jpg,0.910,0.0068,0,662.1,17,2026-09-07T07:01:45.126681,2026-09-07T07:03:17.760090
25,0.550,wildlifecam10,2026-09-08T06:54:53.829540,wildlifecam10/2026-09-08/065453.jpg,0.938,0.0059,0,697.8,9,2026-09-08T06:54:51.807235,2026-09-08T06:55:07.988414
26,0.548,wildlifecam4,2026-08-27T06:47:05.643333,wildlifecam4/2026-08-27/064705.jpg,0.960,0.1456,0,345.5,12,2026-08-27T06:45:58.742360,2026-08-27T06:47:18.397279
27,0.545,wildlifecam4,2026-08-28T07:22:30.547608,wildlifecam4/2026-08-28/072230.jpg,0.950,0.0054,0,849.6,15,2026-08-28T07:22:06.936747,2026-08-28T07:22:36.986669
28,0.535,wildlifecam4,2026-09-11T06:53:33.637555,wildlifecam4/2026-09-11/065333.jpg,0.931,0.0055,0,782.6,48,2026-09-11T06:52:58.668250,2026-09-11T06:55:45.522829
29,0.534,wildlifecam4,2026-09-18T07:02:18.325276,wildlifecam4/2026-09-18/070218.jpg,0.941,0.0052,0,754.2,17,2026-09-18T07:01:55.644494,2026-09-18T07:03:11.048327
30,0.533,wildlifecam4,2026-09-05T10:32:40.488204,wildlifecam4/2026-09-05/103240.jpg,0.927,0.0055,0,743.7,12,2026-09-05T10:32:21.125760,2026-09-05T10:32:49.113489
31,0.531,wildlifecam4,2026-09-11T10:51:43.734030,wildlifecam4/2026-09-11/105143.jpg,0.957,0.0047,0,1046.3,17,2026-09-11T10:51:21.713069,2026-09-11T10:51:56.603428
32,0.530,wildlifecam4,2026-09-10T07:10:57.005031,wildlifecam4/2026-09-10/071057.jpg,0.941,0.0053,0,596.9,16,2026-09-10T07:08:53.623095,2026-09-10T07:11:07.764277
33,0.527,wildlifecam13,2026-09-18T14:59:02,wildlifecam13/2026-09-18/145902.jpg,0.834,0.0080,0,2406.3,5,2026-09-18T14:59:00,2026-09-18T14:59:08
34,0.524,wildlifecam4,2026-08-25T10:03:51.346895,wildlifecam4/2026-08-25/100351.jpg,0.926,0.0051,0,711.1,7,2026-08-25T10:03:47.085000,2026-08-25T10:03:59.886447
35,0.521,wildlifecam10,2026-09-08T09:08:17.316712,wildlifecam10/2026-09-08/090817.jpg,0.916,0.0052,0,707.1,16,2026-09-08T09:08:02.290526,2026-09-08T09:09:04.027996
36,0.516,wildlifecam4,2026-09-11T08:21:27.351908,wildlifecam4/2026-09-11/082127.jpg,0.915,0.0051,0,1036.6,14,2026-09-11T08:21:25.227928,2026-09-11T08:21:55.225699
37,0.515,wildlifecam4,2026-09-10T11:43:25.548874,wildlifecam4/2026-09-10/114325.jpg,0.927,0.0076,0,539.1,7,2026-09-10T11:43:14.797360,2026-09-10T11:43:27.737952
38,0.515,wildlifecam10,2026-09-15T10:49:39.920478,wildlifecam10/2026-09-15/104939.jpg,0.910,0.0374,0,368.1,5,2026-09-15T10:49:13.512942,2026-09-15T10:49:43.964513
39,0.513,wildlifecam4,2026-09-07T08:47:38.986007,wildlifecam4/2026-09-07/084738.jpg,0.933,0.0046,0,1077.9,12,2026-09-07T08:47:25.312228,2026-09-07T08:47:52.345101
40,0.511,wildlifecam10,2026-08-31T07:08:56.358518,wildlifecam10/2026-08-31/070856.jpg,0.949,0.0055,0,564.8,18,2026-08-31T07:08:00.532349,2026-08-31T07:09:10.574016
41,0.510,wildlifecam4,2026-09-08T08:27:03.064970,wildlifecam4/2026-09-08/082703.jpg,0.899,0.0052,0,737.0,6,2026-09-08T08:26:52.371830,2026-09-08T08:27:03.064970
42,0.508,wildlifecam10,2026-09-17T15:40:16.952497,wildlifecam10/2026-09-17/154016.jpg,0.893,0.0305,0,389.5,17,2026-09-17T15:39:30.114092,2026-09-17T15:40:19.001986
43,0.507,wildlifecam11,2026-09-18T11:05:32.571781,wildlifecam11/2026-09-18/110532.jpg,0.878,0.0056,0,670.5,7,2026-09-18T11:05:13.045658,2026-09-18T11:05:42.427203
44,0.507,wildlifecam4,2026-09-07T07:04:47.451689,wildlifecam4/2026-09-07/070447.jpg,0.905,0.0049,0,792.7,6,2026-09-07T07:04:38.882044,2026-09-07T07:04:53.883811
45,0.503,wildlifecam4,2026-09-06T08:19:00.752448,wildlifecam4/2026-09-06/081900.jpg,0.953,0.0057,0,548.7,5,2026-09-06T08:18:50.082207,2026-09-06T08:19:02.896756
46,0.502,wildlifecam4,2026-08-25T10:05:56.749269,wildlifecam4/2026-08-25/100556.jpg,0.926,0.0043,0,823.5,13,2026-08-25T10:05:33.196080,2026-08-25T10:06:03.592269
47,0.500,wildlifecam4,2026-08-26T11:33:15.608759,wildlifecam4/2026-08-26/113315.jpg,0.917,0.0060,0,559.8,5,2026-08-26T11:33:15.608759,2026-08-26T11:33:25.528037
48,0.500,wildlifecam4,2026-09-11T08:17:28.209784,wildlifecam4/2026-09-11/081728.jpg,0.931,0.0042,0,955.1,18,2026-09-11T08:16:53.907825,2026-09-11T08:17:30.342420
49,0.500,wildlifecam4,2026-09-05T06:58:29.538188,wildlifecam4/2026-09-05/065829.jpg,0.879,0.0052,0,833.0,4,2026-09-05T06:58:27.415958,2026-09-05T06:58:35.972853
50,0.500,wildlifecam4,2026-09-04T12:19:03.668151,wildlifecam4/2026-09-04/121903.jpg,0.899,0.0099,0,503.4,9,2026-09-04T12:18:52.939251,2026-09-04T12:19:10.101774
51,0.500,wildlifecam4,2026-08-27T15:42:49.753750,wildlifecam4/2026-08-27/154249.jpg,0.954,0.0065,0,526.7,17,2026-08-27T15:42:10.302259,2026-08-27T15:42:56.263425
52,0.498,wildlifecam4,2026-09-03T07:08:57.247437,wildlifecam4/2026-09-03/070857.jpg,0.891,0.0049,0,741.8,16,2026-09-03T07:07:52.589748,2026-09-03T07:09:54.740208
53,0.496,wildlifecam10,2026-09-09T06:52:49.596730,wildlifecam10/2026-09-09/065249.jpg,0.926,0.0041,0,623.6,3,2026-09-09T06:52:45.557008,2026-09-09T06:52:49.596730
54,0.495,wildlifecam4,2026-09-13T09:09:27.239646,wildlifecam4/2026-09-13/090927.jpg,0.930,0.0044,0,588.9,60,2026-09-13T09:06:56.095072,2026-09-13T09:10:22.369986
55,0.492,wildlifecam4,2026-08-25T09:48:34.606303,wildlifecam4/2026-08-25/094834.jpg,0.905,0.0045,0,601.3,4,2026-08-25T09:48:22.312623,2026-08-25T09:48:36.764732
56,0.491,wildlifecam4,2026-09-09T08:55:58.889706,wildlifecam4/2026-09-09/085558.jpg,0.909,0.0043,0,647.8,4,2026-09-09T08:55:54.621518,2026-09-09T08:56:01.037569
57,0.488,wildlifecam4,2026-09-16T08:33:17.363402,wildlifecam4/2026-09-16/083317.jpg,0.930,0.0038,0,859.3,3,2026-09-16T08:33:13.904202,2026-09-16T08:33:19.498042
58,0.488,wildlifecam4,2026-09-13T07:02:36.679348,wildlifecam4/2026-09-13/070236.jpg,0.915,0.0041,0,771.9,14,2026-09-13T07:01:44.783874,2026-09-13T07:03:04.642676
59,0.487,wildlifecam4,2026-09-14T07:11:15.327185,wildlifecam4/2026-09-14/071115.jpg,0.957,0.0073,0,497.0,11,2026-09-14T07:11:00.296523,2026-09-14T07:12:03.917963
60,0.484,wildlifecam10,2026-08-29T06:49:32.465565,wildlifecam10/2026-08-29/064932.jpg,0.939,0.0035,0,616.8,26,2026-08-29T06:48:58.691053,2026-08-29T06:52:25.413993
61,0.483,wildlifecam10,2026-09-08T09:06:05.344361,wildlifecam10/2026-09-08/090605.jpg,0.883,0.0045,0,855.5,9,2026-09-08T09:04:59.974583,2026-09-08T09:06:05.344361
62,0.481,wildlifecam4,2026-09-06T06:47:34.945857,wildlifecam4/2026-09-06/064734.jpg,0.859,0.0049,0,692.6,15,2026-09-06T06:46:24.547952,2026-09-06T06:49:01.101325
63,0.479,wildlifecam11,2026-09-18T14:15:23.440263,wildlifecam11/2026-09-18/141523.jpg,0.872,0.0054,0,578.3,3,2026-09-18T14:15:21.426070,2026-09-18T14:15:25.508451
64,0.478,wildlifecam10,2026-09-04T12:19:12.825952,wildlifecam10/2026-09-04/121912.jpg,0.898,0.0040,0,674.9,6,2026-09-04T12:18:54.995541,2026-09-04T12:19:12.825952
65,0.477,wildlifecam4,2026-09-13T16:32:49.033344,wildlifecam4/2026-09-13/163249.jpg,0.910,0.0038,0,707.2,13,2026-09-13T16:32:34.034400,2026-09-13T16:33:13.858948
66,0.476,wildlifecam4,2026-09-02T09:00:32.633182,wildlifecam4/2026-09-02/090032.jpg,0.843,0.0051,0,903.2,4,2026-09-02T09:00:28.335001,2026-09-02T09:00:35.545317
67,0.476,wildlifecam4,2026-09-01T06:59:46.622959,wildlifecam4/2026-09-01/065946.jpg,0.840,0.0051,0,638.7,3,2026-09-01T06:59:40.195768,2026-09-01T06:59:46.622959
68,0.475,wildlifecam10,2026-09-08T08:27:10.641782,wildlifecam10/2026-09-08/082710.jpg,0.921,0.0035,0,709.5,3,2026-09-08T08:27:08.555456,2026-09-08T08:27:12.676617
69,0.472,wildlifecam4,2026-09-10T08:32:09.288828,wildlifecam4/2026-09-10/083209.jpg,0.892,0.0039,0,671.3,6,2026-09-10T08:32:09.288828,2026-09-10T08:32:22.119594
70,0.472,wildlifecam4,2026-09-13T08:39:34.517561,wildlifecam4/2026-09-13/083934.jpg,0.907,0.0037,0,623.4,3,2026-09-13T08:39:32.351719,2026-09-13T08:39:36.662711
71,0.471,wildlifecam4,2026-09-18T08:36:41.183504,wildlifecam4/2026-09-18/083641.jpg,0.887,0.0040,0,821.5,4,2026-09-18T08:36:36.902663,2026-09-18T08:36:43.335878
72,0.470,wildlifecam10,2026-09-07T07:04:54.522281,wildlifecam10/2026-09-07/070454.jpg,0.929,0.0033,0,949.5,8,2026-09-07T07:04:44.399835,2026-09-07T07:05:52.996920
73,0.467,wildlifecam4,2026-09-15T07:28:34.635536,wildlifecam4/2026-09-15/072834.jpg,0.935,0.0031,0,943.6,3,2026-09-15T07:28:30.356529,2026-09-15T07:28:34.635536
74,0.467,wildlifecam10,2026-09-03T07:08:56.838682,wildlifecam10/2026-09-03/070856.jpg,0.947,0.0048,0,536.3,14,2026-09-03T07:07:53.797564,2026-09-03T07:09:46.159670
75,0.466,wildlifecam4,2026-09-10T11:30:26.955248,wildlifecam4/2026-09-10/113026.jpg,0.841,0.0047,0,936.2,5,2026-09-10T11:30:16.717865,2026-09-10T11:30:29.082177
76,0.465,wildlifecam4,2026-09-07T11:33:39.604195,wildlifecam4/2026-09-07/113339.jpg,0.904,0.0035,0,916.8,6,2026-09-07T11:33:35.337931,2026-09-07T11:33:46.285766
77,0.464,wildlifecam10,2026-09-06T06:47:38.248688,wildlifecam10/2026-09-06/064738.jpg,0.948,0.0056,0,511.9,13,2026-09-06T06:46:28.620393,2026-09-06T06:49:03.085445
78,0.461,wildlifecam4,2026-09-12T07:36:50.223371,wildlifecam4/2026-09-12/073650.jpg,0.929,0.0030,0,727.3,8,2026-09-12T07:36:00.225391,2026-09-12T07:36:54.748819
79,0.459,wildlifecam10,2026-08-28T07:22:19.157514,wildlifecam10/2026-08-28/072219.jpg,0.936,0.0029,0,604.7,18,2026-08-28T07:22:08.115606,2026-08-28T07:22:56.229093
80,0.456,wildlifecam4,2026-09-05T10:21:20.362272,wildlifecam4/2026-09-05/102120.jpg,0.889,0.0035,0,680.8,16,2026-09-05T10:21:03.917426,2026-09-05T10:21:46.633634
81,0.455,wildlifecam4,2026-09-16T07:01:58.395123,wildlifecam4/2026-09-16/070158.jpg,0.892,0.0034,0,691.3,9,2026-09-16T07:01:46.661128,2026-09-16T07:02:06.966978
82,0.455,wildlifecam1,2026-08-13T11:18:31,wildlifecam1/2026-08-13/111831.jpg,0.853,0.0216,0,397.5,46,2026-08-13T11:13:38,2026-08-13T11:19:07
83,0.452,wildlifecam10,2026-08-28T07:20:13.480902,wildlifecam10/2026-08-28/072013.jpg,0.911,0.0030,0,839.2,4,2026-08-28T07:20:09.332898,2026-08-28T07:20:15.489908
84,0.449,wildlifecam10,2026-09-02T09:00:29.749488,wildlifecam10/2026-09-02/090029.jpg,0.939,0.0053,0,508.2,4,2026-09-02T09:00:23.341329,2026-09-02T09:00:29.749488
85,0.446,wildlifecam4,2026-09-15T06:59:12.034252,wildlifecam4/2026-09-15/065912.jpg,0.865,0.0035,0,919.7,6,2026-09-15T06:59:05.613808,2026-09-15T06:59:18.486043
86,0.443,wildlifecam10,2026-09-05T10:32:47.398000,wildlifecam10/2026-09-05/training/train_103247_398.jpg,0.920,0.0027,0,639.1,38,2026-09-05T10:32:23.432976,2026-09-05T10:32:58.889000
87,0.443,wildlifecam10,2026-09-08T07:40:45.175490,wildlifecam10/2026-09-08/074045.jpg,0.909,0.0028,0,610.5,1,2026-09-08T07:40:45.175490,2026-09-08T07:40:45.175490
88,0.441,wildlifecam4,2026-09-16T09:21:21.137672,wildlifecam4/2026-09-16/092121.jpg,0.890,0.0030,0,990.8,2,2026-09-16T09:21:21.137672,2026-09-16T09:21:24.374319
89,0.439,wildlifecam4,2026-09-08T16:55:29.299063,wildlifecam4/2026-09-08/165529.jpg,0.853,0.0035,0,694.0,1,2026-09-08T16:55:29.299063,2026-09-08T16:55:29.299063
90,0.437,wildlifecam10,2026-08-28T06:54:10.859375,wildlifecam10/2026-08-28/065410.jpg,0.915,0.0026,0,636.4,3,2026-08-28T06:54:08.836536,2026-08-28T06:54:13.558907
91,0.436,wildlifecam4,2026-08-28T07:20:14.100022,wildlifecam4/2026-08-28/072014.jpg,0.844,0.0036,0,964.4,6,2026-08-28T07:20:11.973362,2026-08-28T07:20:24.520186
92,0.435,wildlifecam4,2026-08-31T07:56:55.202754,wildlifecam4/2026-08-31/075655.jpg,0.874,0.0031,0,728.8,2,2026-08-31T07:56:55.202754,2026-08-31T07:57:14.185661
93,0.434,wildlifecam10,2026-09-17T18:33:55.866640,wildlifecam10/2026-09-17/183355.jpg,0.871,0.0097,0,454.6,9,2026-09-17T18:33:38.725689,2026-09-17T18:34:06.634417
94,0.434,wildlifecam4,2026-09-16T11:27:44.986069,wildlifecam4/2026-09-16/112744.jpg,0.901,0.0059,0,497.2,7,2026-09-16T11:27:38.559241,2026-09-16T11:27:51.671087
95,0.433,wildlifecam4,2026-09-14T11:01:11.639409,wildlifecam4/2026-09-14/110111.jpg,0.932,0.0023,0,857.6,6,2026-09-14T11:01:11.639409,2026-09-14T11:01:22.356770
96,0.431,wildlifecam10,2026-09-09T08:56:07.629461,wildlifecam10/2026-09-09/085607.jpg,0.896,0.0027,0,877.7,3,2026-09-09T08:56:01.570662,2026-09-09T08:56:07.629461
97,0.430,wildlifecam4,2026-09-15T10:01:32.871780,wildlifecam4/2026-09-15/100132.jpg,0.850,0.0033,0,845.2,1,2026-09-15T10:01:32.871780,2026-09-15T10:01:32.871780
98,0.429,wildlifecam4,2026-08-27T06:43:31.615602,wildlifecam4/2026-08-27/064331.jpg,0.858,0.0057,0,520.0,7,2026-08-27T06:43:07.992809,2026-08-27T06:43:36.417808
99,0.427,wildlifecam4,2026-09-11T17:37:27.263000,wildlifecam4/2026-09-11/training/train_173727_263.jpg,0.832,0.0051,0,548.2,2,2026-09-11T17:37:21.710000,2026-09-11T17:37:27.263000
100,0.426,wildlifecam4,2026-08-27T08:21:39.240996,wildlifecam4/2026-08-27/082139.jpg,0.822,0.0036,0,940.7,1,2026-08-27T08:21:39.240996,2026-08-27T08:21:39.240996
101,0.426,wildlifecam10,2026-09-07T11:33:43.614561,wildlifecam10/2026-09-07/113343.jpg,0.874,0.0039,0,556.3,3,2026-09-07T11:33:43.614561,2026-09-07T11:33:48.557318
102,0.425,wildlifecam10,2026-09-01T06:59:42.730380,wildlifecam10/2026-09-01/065942.jpg,0.911,0.0039,0,531.9,4,2026-09-01T06:59:38.672209,2026-09-01T06:59:44.763909
103,0.424,wildlifecam4,2026-09-13T07:10:09.709332,wildlifecam4/2026-09-13/071009.jpg,0.836,0.0033,0,768.1,2,2026-09-13T07:10:07.561304,2026-09-13T07:10:09.709332
104,0.422,wildlifecam4,2026-08-26T09:23:01.003507,wildlifecam4/2026-08-26/092301.jpg,0.843,0.0031,0,1613.7,5,2026-08-26T09:23:01.003507,2026-08-26T09:23:09.578675
105,0.422,wildlifecam4,2026-09-06T10:47:19.513120,wildlifecam4/2026-09-06/104719.jpg,0.886,0.0026,0,894.6,5,2026-09-06T10:47:10.919187,2026-09-06T10:47:19.513120
106,0.421,wildlifecam10,2026-09-14T07:13:24.805040,wildlifecam10/2026-09-14/071324.jpg,0.815,0.0035,0,819.0,1,2026-09-14T07:13:24.805040,2026-09-14T07:13:24.805040
107,0.420,wildlifecam4,2026-09-07T18:42:06.445177,wildlifecam4/2026-09-07/184206.jpg,0.803,0.0037,0,709.4,1,2026-09-07T18:42:06.445177,2026-09-07T18:42:06.445177
108,0.420,wildlifecam4,2026-09-12T06:56:59.816859,wildlifecam4/2026-09-12/065659.jpg,0.910,0.0026,0,585.8,8,2026-09-12T06:56:46.930552,2026-09-12T06:57:01.969808
109,0.420,wildlifecam10,2026-08-30T09:26:24.738821,wildlifecam10/2026-08-30/092624.jpg,0.885,0.0025,0,683.4,3,2026-08-30T09:26:22.714232,2026-08-30T09:26:27.078717
110,0.419,wildlifecam4,2026-09-11T08:19:24.485628,wildlifecam4/2026-09-11/081924.jpg,0.887,0.0025,0,1179.8,2,2026-09-11T08:19:15.278599,2026-09-11T08:19:24.485628
111,0.417,wildlifecam11,2026-09-18T09:28:05.610718,wildlifecam11/2026-09-18/092805.jpg,0.824,0.0033,0,701.6,1,2026-09-18T09:28:05.610718,2026-09-18T09:28:05.610718
112,0.417,wildlifecam10,2026-09-08T08:28:50.716796,wildlifecam10/2026-09-08/082850.jpg,0.880,0.0025,0,885.3,2,2026-09-08T08:28:50.716796,2026-09-08T08:28:57.410820
113,0.417,wildlifecam4,2026-09-14T07:19:58.101860,wildlifecam4/2026-09-14/071958.jpg,0.902,0.0023,0,798.1,1,2026-09-14T07:19:58.101860,2026-09-14T07:19:58.101860
114,0.414,wildlifecam4,2026-09-10T08:27:37.391342,wildlifecam4/2026-09-10/082737.jpg,0.892,0.0051,0,495.9,3,2026-09-10T08:27:33.121317,2026-09-10T08:27:37.391342
115,0.414,wildlifecam10,2026-09-03T09:39:28.909947,wildlifecam10/2026-09-03/093928.jpg,0.897,0.0023,0,669.8,1,2026-09-03T09:39:28.909947,2026-09-03T09:39:28.909947
116,0.412,wildlifecam4,2026-09-10T10:34:34.030857,wildlifecam4/2026-09-10/103434.jpg,0.833,0.0030,0,822.0,3,2026-09-10T10:34:25.496027,2026-09-10T10:34:34.030857
117,0.411,wildlifecam10,2026-09-10T08:32:33.473742,wildlifecam10/2026-09-10/083233.jpg,0.890,0.0023,0,912.8,8,2026-09-10T08:32:22.873452,2026-09-10T08:32:39.538872
118,0.411,wildlifecam4,2026-09-11T07:58:17.041113,wildlifecam4/2026-09-11/075817.jpg,0.932,0.0019,0,959.3,2,2026-09-11T07:58:17.041113,2026-09-11T07:58:19.972615
119,0.411,wildlifecam4,2026-09-11T08:14:40.001986,wildlifecam4/2026-09-11/081440.jpg,0.905,0.0021,0,1142.5,3,2026-09-11T08:14:37.849058,2026-09-11T08:14:43.967058
120,0.409,wildlifecam4,2026-09-12T08:00:39.345662,wildlifecam4/2026-09-12/080039.jpg,0.893,0.0030,0,560.5,9,2026-09-12T08:00:25.430332,2026-09-12T08:00:43.621306
121,0.408,wildlifecam10,2026-09-02T08:57:51.776466,wildlifecam10/2026-09-02/085751.jpg,0.871,0.0024,0,960.5,1,2026-09-02T08:57:51.776466,2026-09-02T08:57:51.776466
122,0.408,wildlifecam4,2026-09-18T17:02:47.530012,wildlifecam4/2026-09-18/170247.jpg,0.866,0.0027,0,588.6,16,2026-09-18T17:01:22.910966,2026-09-18T17:02:47.530012
123,0.407,wildlifecam4,2026-09-07T09:11:02.846984,wildlifecam4/2026-09-07/091102.jpg,0.806,0.0032,0,826.8,3,2026-09-07T09:11:02.846984,2026-09-07T09:11:09.265485
124,0.406,wildlifecam10,2026-09-10T08:27:55.921376,wildlifecam10/2026-09-10/082755.jpg,0.844,0.0027,0,818.8,7,2026-09-10T08:27:49.551821,2026-09-10T08:28:01.968078
125,0.404,wildlifecam4,2026-09-03T09:39:28.353368,wildlifecam4/2026-09-03/093928.jpg,0.820,0.0029,0,971.2,1,2026-09-03T09:39:28.353368,2026-09-03T09:39:28.353368
126,0.404,wildlifecam4,2026-09-12T06:55:33.832903,wildlifecam4/2026-09-12/065533.jpg,0.876,0.0023,0,929.8,5,2026-09-12T06:55:29.540746,2026-09-12T06:55:38.140846
127,0.403,wildlifecam10,2026-09-10T07:09:18.132036,wildlifecam10/2026-09-10/070918.jpg,0.915,0.0021,0,590.3,18,2026-09-10T07:09:09.847278,2026-09-10T07:11:34.857832
128,0.403,wildlifecam4,2026-09-17T11:25:34.738124,wildlifecam4/2026-09-17/112534.jpg,0.859,0.0024,0,813.5,1,2026-09-17T11:25:34.738124,2026-09-17T11:25:34.738124
129,0.402,wildlifecam10,2026-09-10T11:23:01.274480,wildlifecam10/2026-09-10/112301.jpg,0.856,0.0024,0,776.5,1,2026-09-10T11:23:01.274480,2026-09-10T11:23:01.274480
130,0.401,wildlifecam11,2026-09-18T14:33:41.166532,wildlifecam11/2026-09-18/143341.jpg,0.829,0.0027,0,633.0,1,2026-09-18T14:33:41.166532,2026-09-18T14:33:41.166532
131,0.400,wildlifecam11,2026-09-17T08:37:21.933167,wildlifecam11/2026-09-17/083721.jpg,0.812,0.0030,0,712.5,1,2026-09-17T08:37:21.933167,2026-09-17T08:37:21.933167
132,0.397,wildlifecam10,2026-09-15T11:22:07.250241,wildlifecam10/2026-09-15/112207.jpg,0.901,0.0180,0,344.2,1,2026-09-15T11:22:07.250241,2026-09-15T11:22:07.250241
133,0.396,wildlifecam4,2026-08-28T07:15:09.915142,wildlifecam4/2026-08-28/071509.jpg,0.868,0.0022,0,1045.6,3,2026-08-28T07:15:07.760064,2026-08-28T07:15:12.356356
134,0.396,wildlifecam4,2026-08-25T09:57:02.141760,wildlifecam4/2026-08-25/095702.jpg,0.884,0.0020,0,768.9,2,2026-08-25T09:56:59.474596,2026-08-25T09:57:02.141760
135,0.395,wildlifecam4,2026-09-02T08:56:21.186348,wildlifecam4/2026-09-02/085621.jpg,0.830,0.0026,0,1355.5,3,2026-09-02T08:56:21.186348,2026-09-02T08:56:35.956288
136,0.394,wildlifecam4,2026-09-04T12:07:39.060888,wildlifecam4/2026-09-04/120739.jpg,0.851,0.0023,0,1186.6,1,2026-09-04T12:07:39.060888,2026-09-04T12:07:39.060888
137,0.393,wildlifecam10,2026-08-31T07:57:13.127378,wildlifecam10/2026-08-31/075713.jpg,0.868,0.0021,0,1333.0,2,2026-08-31T07:57:13.127378,2026-08-31T07:57:15.166858
138,0.390,wildlifecam4,2026-08-28T06:56:15.965098,wildlifecam4/2026-08-28/065615.jpg,0.830,0.0024,0,774.8,2,2026-08-28T06:56:15.965098,2026-08-28T06:56:22.310961
139,0.390,wildlifecam4,2026-08-28T06:54:10.950136,wildlifecam4/2026-08-28/065410.jpg,0.812,0.0026,0,740.5,2,2026-08-28T06:54:08.537250,2026-08-28T06:54:10.950136
140,0.389,wildlifecam4,2026-09-13T08:42:34.205556,wildlifecam4/2026-09-13/084234.jpg,0.863,0.0021,0,869.8,2,2026-09-13T08:42:28.424148,2026-09-13T08:42:34.205556
141,0.385,wildlifecam10,2026-09-14T12:31:28.933865,wildlifecam10/2026-09-14/123128.jpg,0.816,0.0046,0,519.2,11,2026-09-14T12:31:28.933865,2026-09-14T12:33:03.929320
142,0.385,wildlifecam10,2026-09-18T11:12:22.115329,wildlifecam10/2026-09-18/111222.jpg,0.857,0.0072,0,440.7,1,2026-09-18T11:12:22.115329,2026-09-18T11:12:22.115329
143,0.382,wildlifecam4,2026-09-12T08:51:05.316000,wildlifecam4/2026-09-12/085105.jpg,0.928,0.0070,0,406.4,4,2026-09-12T08:50:57.009215,2026-09-12T08:51:05.316000
144,0.380,wildlifecam10,2026-09-10T07:14:58.976609,wildlifecam10/2026-09-10/071458.jpg,0.901,0.0022,0,553.9,3,2026-09-10T07:14:54.638243,2026-09-10T07:14:58.976609
145,0.376,wildlifecam4,2026-09-14T07:09:13.060545,wildlifecam4/2026-09-14/070913.jpg,0.823,0.0022,0,797.2,3,2026-09-14T07:09:13.060545,2026-09-14T07:09:46.947210
146,0.375,wildlifecam10,2026-09-10T11:30:36.046390,wildlifecam10/2026-09-10/113036.jpg,0.822,0.0022,0,1260.7,1,2026-09-10T11:30:36.046390,2026-09-10T11:30:36.046390
147,0.375,wildlifecam4,2026-09-09T06:52:35.119408,wildlifecam4/2026-09-09/065235.jpg,0.831,0.0021,0,779.0,2,2026-09-09T06:52:20.893751,2026-09-09T06:52:35.119408
148,0.375,wildlifecam4,2026-09-10T07:14:51.269355,wildlifecam4/2026-09-10/071451.jpg,0.805,0.0024,0,902.1,4,2026-09-10T07:14:47.006588,2026-09-10T07:15:04.017136
149,0.370,wildlifecam4,2026-09-12T07:28:32.551520,wildlifecam4/2026-09-12/072832.jpg,0.849,0.0023,0,568.1,3,2026-09-12T07:28:28.225657,2026-09-12T07:29:28.739128
150,0.367,wildlifecam4,2026-09-18T17:06:24.020254,wildlifecam4/2026-09-18/170624.jpg,0.811,0.0021,0,722.4,3,2026-09-18T17:06:24.020254,2026-09-18T17:06:52.710113
151,0.366,wildlifecam4,2026-09-04T10:53:53.274284,wildlifecam4/2026-09-04/105353.jpg,0.846,0.0043,0,483.5,1,2026-09-04T10:53:53.274284,2026-09-04T10:53:53.274284
152,0.365,wildlifecam12,2026-09-15T11:18:03.617543,wildlifecam12/2026-09-15/111803.jpg,0.936,0.0138,0,325.3,1,2026-09-15T11:18:03.617543,2026-09-15T11:18:03.617543
153,0.364,wildlifecam10,2026-09-04T12:17:04.343391,wildlifecam10/2026-09-04/121704.jpg,0.869,0.0015,0,836.7,7,2026-09-04T12:16:50.953192,2026-09-04T12:17:04.343391
154,0.363,wildlifecam10,2026-09-05T10:21:47.844539,wildlifecam10/2026-09-05/102147.jpg,0.878,0.0015,0,1147.1,20,2026-09-05T10:21:07.319442,2026-09-05T10:21:47.844539
155,0.360,wildlifecam4,2026-09-15T10:33:59.496844,wildlifecam4/2026-09-15/103359.jpg,0.824,0.0018,0,983.4,1,2026-09-15T10:33:59.496844,2026-09-15T10:33:59.496844
156,0.359,wildlifecam4,2026-09-07T11:04:43.809200,wildlifecam4/2026-09-07/110443.jpg,0.810,0.0024,0,572.6,1,2026-09-07T11:04:43.809200,2026-09-07T11:04:43.809200
157,0.356,wildlifecam10,2026-09-14T12:04:12.754429,wildlifecam10/2026-09-14/120412.jpg,0.813,0.0050,0,471.7,1,2026-09-14T12:04:12.754429,2026-09-14T12:04:12.754429
158,0.349,wildlifecam4,2026-08-30T09:25:02.441208,wildlifecam4/2026-08-30/092502.jpg,0.845,0.0015,0,748.7,13,2026-08-30T09:25:00.290895,2026-08-30T09:26:23.763163
159,0.335,wildlifecam4,2026-08-25T09:53:49.374910,wildlifecam4/2026-08-25/095349.jpg,0.815,0.0014,0,1034.3,1,2026-08-25T09:53:49.374910,2026-08-25T09:53:49.374910
160,0.335,wildlifecam12,2026-09-15T09:26:24.999728,wildlifecam12/2026-09-15/092624.jpg,0.872,0.0064,0,388.0,2,2026-09-15T09:26:24.999728,2026-09-15T09:27:04.313231
161,0.333,wildlifecam10,2026-09-10T07:21:14.049327,wildlifecam10/2026-09-10/072114.jpg,0.926,0.0025,0,461.3,8,2026-09-10T07:21:14.049327,2026-09-10T07:21:33.892376
162,0.333,wildlifecam10,2026-09-07T11:04:52.485428,wildlifecam10/2026-09-07/110452.jpg,0.849,0.0013,0,594.7,3,2026-09-07T11:04:48.434336,2026-09-07T11:04:54.506012
163,0.331,wildlifecam11,2026-09-18T13:30:45.149748,wildlifecam11/2026-09-18/133045.jpg,0.860,0.0024,0,499.6,1,2026-09-18T13:30:45.149748,2026-09-18T13:30:45.149748
164,0.324,wildlifecam10,2026-09-17T15:35:23.763606,wildlifecam10/2026-09-17/153523.jpg,0.840,0.0054,0,407.9,1,2026-09-17T15:35:23.763606,2026-09-17T15:35:23.763606
165,0.323,wildlifecam4,2026-08-26T09:26:47.748000,wildlifecam4/2026-08-26/training/train_092647_748.jpg,0.822,0.0012,0,1220.6,2,2026-08-26T09:26:46.629000,2026-08-26T09:26:47.748000
166,0.321,wildlifecam4,2026-09-12T10:15:02.893569,wildlifecam4/2026-09-12/101502.jpg,0.925,0.0028,0,431.0,1,2026-09-12T10:15:02.893569,2026-09-12T10:15:02.893569
167,0.321,wildlifecam4,2026-09-13T07:38:43.381020,wildlifecam4/2026-09-13/073843.jpg,0.810,0.0012,0,630.9,2,2026-09-13T07:38:41.230815,2026-09-13T07:38:43.381020
168,0.317,wildlifecam4,2026-09-08T08:29:39.348352,wildlifecam4/2026-09-08/082939.jpg,0.807,0.0014,0,579.7,2,2026-09-08T08:29:32.938633,2026-09-08T08:29:39.348352
169,0.304,wildlifecam12,2026-09-15T10:14:28.181008,wildlifecam12/2026-09-15/101428.jpg,0.924,0.0087,0,308.2,1,2026-09-15T10:14:28.181008,2026-09-15T10:14:28.181008
170,0.302,wildlifecam1,2026-08-13T11:20:31,wildlifecam1/2026-08-13/112031.jpg,0.863,0.1809,1,645.9,4,2026-08-13T11:20:13,2026-08-13T11:20:33
171,0.300,wildlifecam4,2026-09-12T12:28:20.253318,wildlifecam4/2026-09-12/122820.jpg,0.925,0.0028,0,404.1,1,2026-09-12T12:28:20.253318,2026-09-12T12:28:20.253318
172,0.292,wildlifecam4,2026-08-29T06:54:31.366564,wildlifecam4/2026-08-29/065431.jpg,0.973,0.0501,0,169.9,1,2026-08-29T06:54:31.366564,2026-08-29T06:54:31.366564
173,0.286,wildlifecam4,2026-09-15T10:38:05.753000,wildlifecam4/2026-09-15/training/train_103805_753.jpg,0.916,0.0029,0,383.3,2,2026-09-15T10:38:05.753000,2026-09-15T10:38:06.064723
174,0.282,wildlifecam10,2026-09-06T08:19:06.641275,wildlifecam10/2026-09-06/081906.jpg,0.949,0.0055,0,312.3,3,2026-09-06T08:19:00.742040,2026-09-06T08:19:06.641275
175,0.273,wildlifecam4,2026-09-18T09:57:56.443546,wildlifecam4/2026-09-18/095756.jpg,0.827,0.0028,0,411.4,1,2026-09-18T09:57:56.443546,2026-09-18T09:57:56.443546
176,0.271,wildlifecam10,2026-09-05T08:02:38.680157,wildlifecam10/2026-09-05/080238.jpg,0.932,0.0038,0,334.4,5,2026-09-05T08:02:36.677587,2026-09-05T08:02:44.763777
177,0.268,wildlifecam10,2026-09-04T12:07:39.159816,wildlifecam10/2026-09-04/120739.jpg,0.901,0.0020,0,405.0,1,2026-09-04T12:07:39.159816,2026-09-04T12:07:39.159816
178,0.264,wildlifecam4,2026-09-18T17:05:10.882769,wildlifecam4/2026-09-18/170510.jpg,0.800,0.0034,0,390.3,1,2026-09-18T17:05:10.882769,2026-09-18T17:05:10.882769
179,0.263,wildlifecam4,2026-09-12T07:33:54.739376,wildlifecam4/2026-09-12/073354.jpg,0.836,0.0056,0,328.0,1,2026-09-12T07:33:54.739376,2026-09-12T07:33:54.739376
180,0.259,wildlifecam10,2026-09-02T11:02:00.225718,wildlifecam10/2026-09-02/110200.jpg,0.834,0.0011,0,487.3,1,2026-09-02T11:02:00.225718,2026-09-02T11:02:00.225718
181,0.254,wildlifecam4,2026-09-07T10:59:00.494329,wildlifecam4/2026-09-07/105900.jpg,0.830,0.0028,0,379.6,5,2026-09-07T10:59:00.494329,2026-09-07T10:59:09.071777
182,0.254,wildlifecam4,2026-09-16T06:50:43.474414,wildlifecam4/2026-09-16/065043.jpg,0.857,0.0019,0,407.8,2,2026-09-16T06:50:41.329306,2026-09-16T06:50:43.474414
183,0.254,wildlifecam4,2026-09-12T08:53:28.484854,wildlifecam4/2026-09-12/085328.jpg,0.970,0.0288,0,71.7,4,2026-09-12T08:53:23.890606,2026-09-12T08:53:30.613050
184,0.247,wildlifecam4,2026-09-18T15:40:31.731327,wildlifecam4/2026-09-18/154031.jpg,0.956,0.0117,0,224.8,2,2026-09-18T15:40:31.731327,2026-09-18T15:40:33.888455
185,0.242,wildlifecam4,2026-09-06T08:03:46.222495,wildlifecam4/2026-09-06/080346.jpg,0.962,0.0248,0,134.3,5,2026-09-06T08:03:44.048019,2026-09-06T08:03:54.236427
186,0.233,wildlifecam12,2026-09-17T07:25:41.461486,wildlifecam12/2026-09-17/072541.jpg,0.921,0.0150,0,206.3,1,2026-09-17T07:25:41.461486,2026-09-17T07:25:41.461486
187,0.230,wildlifecam10,2026-09-14T12:01:17.296511,wildlifecam10/2026-09-14/120117.jpg,0.827,0.0091,0,257.8,1,2026-09-14T12:01:17.296511,2026-09-14T12:01:17.296511
188,0.229,wildlifecam4,2026-09-16T09:54:02.365910,wildlifecam4/2026-09-16/095402.jpg,0.915,0.0243,0,65.1,1,2026-09-16T09:54:02.365910,2026-09-16T09:54:02.365910
189,0.226,wildlifecam4,2026-09-07T08:02:25.756627,wildlifecam4/2026-09-07/080225.jpg,0.960,0.0191,0,93.3,3,2026-09-07T08:02:23.582997,2026-09-07T08:02:36.825901
190,0.221,wildlifecam10,2026-09-07T08:02:41.744568,wildlifecam10/2026-09-07/080241.jpg,0.905,0.0034,0,288.0,2,2026-09-07T08:02:41.744568,2026-09-07T08:02:43.756556
191,0.220,wildlifecam4,2026-09-13T08:10:45.922940,wildlifecam4/2026-09-13/081045.jpg,0.861,0.0058,0,264.5,6,2026-09-13T08:10:43.765058,2026-09-13T08:10:54.459913
192,0.219,wildlifecam11,2026-09-17T09:34:48.950205,wildlifecam11/2026-09-17/093448.jpg,0.856,0.0144,1,1646.3,1,2026-09-17T09:34:48.950205,2026-09-17T09:34:48.950205
193,0.207,wildlifecam10,2026-09-17T18:32:28.685129,wildlifecam10/2026-09-17/183228.jpg,0.876,0.0271,1,475.9,1,2026-09-17T18:32:28.685129,2026-09-17T18:32:28.685129
194,0.200,wildlifecam4,2026-09-10T13:36:23.725601,wildlifecam4/2026-09-10/133623.jpg,0.916,0.0140,0,177.8,1,2026-09-10T13:36:23.725601,2026-09-10T13:36:23.725601
195,0.199,wildlifecam4,2026-09-17T07:57:07.433091,wildlifecam4/2026-09-17/075707.jpg,0.884,0.0025,0,287.5,1,2026-09-17T07:57:07.433091,2026-09-17T07:57:07.433091
196,0.198,wildlifecam4,2026-09-14T07:32:45.611714,wildlifecam4/2026-09-14/073245.jpg,0.883,0.0027,0,282.7,1,2026-09-14T07:32:45.611714,2026-09-14T07:32:45.611714
197,0.198,wildlifecam4,2026-09-13T06:37:59.511216,wildlifecam4/2026-09-13/063759.jpg,0.902,0.0022,0,290.1,3,2026-09-13T06:37:53.026000,2026-09-13T06:37:59.511216
198,0.186,wildlifecam4,2026-09-14T12:20:17.260924,wildlifecam4/2026-09-14/122017.jpg,0.970,0.0084,0,113.2,5,2026-09-14T12:20:17.260924,2026-09-14T12:20:26.892595
199,0.181,wildlifecam4,2026-09-09T13:53:07.552553,wildlifecam4/2026-09-09/135307.jpg,0.900,0.0100,0,134.5,1,2026-09-09T13:53:07.552553,2026-09-09T13:53:07.552553
200,0.175,wildlifecam4,2026-09-15T09:32:45.820676,wildlifecam4/2026-09-15/093245.jpg,0.907,0.0086,0,97.7,1,2026-09-15T09:32:45.820676,2026-09-15T09:32:45.820676
201,0.175,wildlifecam4,2026-09-05T11:09:01.226955,wildlifecam4/2026-09-05/110901.jpg,0.801,0.0023,0,286.4,1,2026-09-05T11:09:01.226955,2026-09-05T11:09:01.226955
202,0.174,wildlifecam10,2026-09-06T08:17:21.003706,wildlifecam10/2026-09-06/081721.jpg,0.927,0.0030,0,230.1,1,2026-09-06T08:17:21.003706,2026-09-06T08:17:21.003706
203,0.174,wildlifecam4,2026-09-06T11:31:11.126089,wildlifecam4/2026-09-06/113111.jpg,0.844,0.0025,0,264.0,1,2026-09-06T11:31:11.126089,2026-09-06T11:31:11.126089
204,0.172,wildlifecam4,2026-09-07T15:51:20.323347,wildlifecam4/2026-09-07/155120.jpg,0.945,0.0068,0,62.0,2,2026-09-07T15:51:18.178368,2026-09-07T15:51:20.323347
205,0.167,wildlifecam13,2026-09-17T15:33:37,wildlifecam13/2026-09-17/153337.jpg,0.807,0.0061,1,3038.8,1,2026-09-17T15:33:37,2026-09-17T15:33:37
206,0.161,wildlifecam1,2026-08-13T11:22:42,wildlifecam1/2026-08-13/112242.jpg,0.888,0.0339,1,345.1,1,2026-08-13T11:22:42,2026-08-13T11:22:42
207,0.146,wildlifecam4,2026-09-05T10:45:58.906339,wildlifecam4/2026-09-05/104558.jpg,0.902,0.0042,0,177.4,2,2026-09-05T10:45:56.745414,2026-09-05T10:45:58.906339
208,0.142,wildlifecam4,2026-09-08T16:54:00.232798,wildlifecam4/2026-09-08/165400.jpg,0.850,0.0037,1,551.0,1,2026-09-08T16:54:00.232798,2026-09-08T16:54:00.232798
209,0.140,wildlifecam4,2026-09-09T06:46:10.801953,wildlifecam4/2026-09-09/064610.jpg,0.908,0.0035,0,152.2,2,2026-09-09T06:46:07.866209,2026-09-09T06:46:10.801953
210,0.127,wildlifecam4,2026-09-15T09:55:36.144378,wildlifecam4/2026-09-15/095536.jpg,0.842,0.0017,1,1003.3,1,2026-09-15T09:55:36.144378,2026-09-15T09:55:36.144378
211,0.123,wildlifecam4,2026-08-25T10:08:05.434008,wildlifecam4/2026-08-25/100805.jpg,0.867,0.0028,1,506.6,1,2026-08-25T10:08:05.434008,2026-08-25T10:08:05.434008
212,0.117,wildlifecam10,2026-09-10T15:54:46.751686,wildlifecam10/2026-09-10/155446.jpg,0.874,0.0020,0,119.7,2,2026-09-10T15:54:46.751686,2026-09-10T15:54:49.485125
213,0.103,wildlifecam4,2026-09-05T10:30:12.833000,wildlifecam4/2026-09-05/training/train_103012_833.jpg,0.826,0.0011,1,564.9,1,2026-09-05T10:30:12.833000,2026-09-05T10:30:12.833000
214,0.102,wildlifecam10,2026-08-29T06:54:30.672029,wildlifecam10/2026-08-29/065430.jpg,0.967,0.0563,1,48.4,2,2026-08-29T06:54:28.635970,2026-08-29T06:54:30.672029
215,0.100,wildlifecam12,2026-09-17T09:22:17.381689,wildlifecam12/2026-09-17/092217.jpg,0.939,0.0271,1,213.9,2,2026-09-17T09:22:17.381689,2026-09-17T09:22:19.744404
216,0.079,wildlifecam12,2026-09-15T10:19:53.119029,wildlifecam12/2026-09-15/101953.jpg,0.915,0.0226,1,180.1,1,2026-09-15T10:19:53.119029,2026-09-15T10:19:53.119029
