camera,boot,site,code,clock_first,clock_last,photos,evidence
wildlifecam3,7c7a6cf7,grant-park-site2,210c3a320ee3,2026-08-29T03:21:59,2026-08-29T03:31:23,519,"code is commit 502238c (25 Sept), so the Aug 29 clock is stale; frames show camp setup, tent and uniforms"
wildlifecam3,bee09f7e,grant-park-site2,210c3a320ee3,2026-08-29T03:27:08,2026-08-29T11:52:57,89,"same code; dusk on the grass hillside, then 8.4 h of dark with no saves"
wildlifecam12,159514df,grant-park-site2,f3accce2bfd9,2026-09-23T21:12:32,2026-09-24T06:02:41,27,"booted at clock 2026-09-23 21:12, so the 0-byte 211316/211318 files and 2113xx training frames in 2026-09-23/ are campout, not backyard (backyard data there ends 18:29); frames show the group campsite at dusk: tables, coolers, Scouts"
wildlifecam12,da25458c,grant-park-site2,f3accce2bfd9,2026-09-24T06:02:50,2026-09-24T06:03:12,6,"clock restarted from saved time; carried on a midday hike, Scouts on dry-grass trail"
wildlifecam12,7f0644fe,grant-park-site2,f3accce2bfd9,2026-09-24T06:02:53,2026-09-24T06:03:29,14,"clock restarted from saved time; same hike, placing the camera"
wildlifecam12,557bfc07,grant-park-site2,f3accce2bfd9,2026-09-24T06:03:42,2026-09-24T20:31:10,659,"14.5 h on a dry-grass hillside under oaks; step8 measurements CSV has no boot column, but all of 2026-09-24/ on the NAS is this trip (no earlier 09-24 folder)"
wildlifecam11,6064c518,grant-park-site2,f3accce2bfd9,2026-09-25T13:08:18,2026-09-26T10:02:48,404,"booted on the clock saved at home shutdown (backyard 09-25 log ends ~13:15); everything in the card's 2026-09-25/ (2309xx training frames, CSV saved on the NAS as measurements-wildlifecam11-grant-park-site2.csv) is campout; sunny day, meadow overlooking the tent line"
wildlifecam11,4f46e3fc,grant-park-site2,f3accce2bfd9,2026-09-26T09:58:44,2026-09-27T02:20:05,64,"clock restarted from saved time (overlaps 6064c518); same meadow, overcast day"
wildlifecam10,971c0559,grant-park-site2,f3accce2bfd9,2026-09-23T14:24:26,2026-09-24T12:42:02,112,"chaparral hillside with a trail, not the backyard; mockingbird(?) 051308-051328 incl. wings-open 051319; ends with the pickup in the parking meadow. 6 frames (124126..124157) were overwritten on the card by boot 10e79be4's clock restart; originals kept from the camp laptop copy as <HHMMSS>-971c0559.{jpg,json,_annotated.jpg}"
wildlifecam10,10e79be4,grant-park-site2,f3accce2bfd9,2026-09-24T12:41:22,2026-09-24T12:41:57,17,"clock restarted from saved time; a minute of sky and oak tops while being carried; its frames own the plain 1241xx names"
wildlifecam14,6c06d3fd,grant-park-site2,a7e0f27a4e31,2026-09-24T18:51:59,2026-09-24T18:52:13,6,"clock restored from home (backyard boot 6026ca0a's frames in the same NAS 2026-09-24/ run to 18:54, interleaved by time); dusk over a grassy hill and wooded ridge. Campout log for 09-24 saved as measurements-wildlifecam14-grant-park-site2.csv"
wildlifecam14,9c81a2ac,grant-park-site2,a7e0f27a4e31,2026-09-24T18:52:03,2026-09-25T16:58:24,142,"~22 h on a trail through chaparral; top-motion frames are shade and grass, nothing seen by eye"
wildlifecam14,bc020b74,grant-park-site2,a7e0f27a4e31,2026-09-25T16:58:08,2026-09-26T09:16:22,2,"clock restarted from saved time (overlaps 9c81a2ac); same trail, overcast morning; mostly dark"
wildlifecam15,3af98c60,grant-park-site2,a7e0f27a4e31,2026-09-24T12:21:37,2026-09-25T08:51:45,2895,"clock restored from home (backyard boot 0ed7b38f ends 12:23 in the same NAS 2026-09-24/); booted in the dark, 9 h to first light; under a shelter roof over the campground field: tents, Scouts, wheelbarrow. Campout 09-24 log saved as measurements-wildlifecam15-grant-park-site2.csv"
wildlifecam15,ca59711c,grant-park-site2,a7e0f27a4e31,2026-09-25T08:51:52,2026-09-26T01:50:58,1736,"clock restarted from saved time; same shelter view, slightly re-aimed; overcast; mostly people"
wildlifecam9,1c7e1a69,grant-park-site2,a7e0f27a4e31,2026-09-25T11:34:35,2026-09-26T09:20:02,243,"clock restored from home (backyard boot 661de6a9 in the same NAS 2026-09-25/ log); oak-shaded meadow by a fence; DEER (black-tailed?) bounding at 2026-09-26/022026_309, leaving at 022027_331. Campout 09-25 log saved as measurements-wildlifecam9-grant-park-site2.csv"
wildlifecam9,8926db04,grant-park-site2,a7e0f27a4e31,2026-09-26T09:20:29,2026-09-27T01:27:04,177,"clock restarted from saved time; carried, then meadow facing the parking area and cars"
wildlifecam13,a775917d,grant-park-site2,a7e0f27a4e31,2026-09-24T19:32:27,2026-09-25T16:33:58,403,"clock restored from home (backyard boot c1c9e748 in the same NAS 2026-09-24/ log); booted in the dark; trail edge by chaparral, Scouts passing. Campout 09-24 log saved as measurements-wildlifecam13-grant-park-site2.csv"
wildlifecam13,dbb24e1c,grant-park-site2,a7e0f27a4e31,2026-09-25T16:33:00,2026-09-26T09:16:37,415,"clock restarted from saved time; same trail edge, evening; kids with snack plates, one digging"
